{
  "version": "1.0",
  "truncation": null,
  "padding": null,
  "added_tokens": [
    {
      "id": 72,
      "content": "[UNK]",
      "single_word": false,
      "lstrip": false,
      "rstrip": false,
      "normalized": false,
      "special": true
    },
    {
      "id": 73,
      "content": "[PAD]",
      "single_word": false,
      "lstrip": false,
      "rstrip": false,
      "normalized": false,
      "special": true
    },
    {
      "id": 74,
      "content": "[MASK]",
      "single_word": false,
      "lstrip": false,
      "rstrip": false,
      "normalized": false,
      "special": true
    }
  ],
  "normalizer": {
    "type": "Sequence",
    "normalizers": []
  },
  "pre_tokenizer": {
    "type": "WhitespaceSplit"
  },
  "post_processor": null,
  "decoder": {
    "type": "WordPiece",
    "prefix": "##",
    "cleanup": true
  },
  "model": {
    "type": "WordLevel",
    "vocab": {
      "<boc>": 0,
      "<eoc>": 1,
      "<sepc>": 2,
      "<bog>": 3,
      "<eog>": 4,
      "<sepg>": 5,
      "IDX_0": 6,
      "IDX_1": 7,
      "IDX_2": 8,
      "IDX_3": 9,
      "IDX_4": 10,
      "IDX_5": 11,
      "IDX_6": 12,
      "IDX_7": 13,
      "IDX_8": 14,
      "IDX_9": 15,
      "IDX_10": 16,
      "IDX_11": 17,
      "IDX_12": 18,
      "IDX_13": 19,
      "IDX_14": 20,
      "IDX_15": 21,
      "IDX_16": 22,
      "IDX_17": 23,
      "IDX_18": 24,
      "IDX_19": 25,
      "IDX_20": 26,
      "IDX_21": 27,
      "IDX_22": 28,
      "IDX_23": 29,
      "IDX_24": 30,
      "IDX_25": 31,
      "IDX_26": 32,
      "IDX_27": 33,
      "IDX_28": 34,
      "IDX_29": 35,
      "IDX_30": 36,
      "IDX_31": 37,
      "IDX_32": 38,
      "IDX_33": 39,
      "IDX_34": 40,
      "IDX_35": 41,
      "IDX_36": 42,
      "IDX_37": 43,
      "IDX_38": 44,
      "IDX_39": 45,
      "IDX_40": 46,
      "IDX_41": 47,
      "IDX_42": 48,
      "IDX_43": 49,
      "IDX_44": 50,
      "IDX_45": 51,
      "IDX_46": 52,
      "IDX_47": 53,
      "IDX_48": 54,
      "IDX_49": 55,
      "IDX_50": 56,
      "IDX_51": 57,
      "IDX_52": 58,
      "IDX_53": 59,
      "IDX_54": 60,
      "IDX_55": 61,
      "IDX_56": 62,
      "IDX_57": 63,
      "IDX_58": 64,
      "IDX_59": 65,
      "IDX_60": 66,
      "IDX_61": 67,
      "IDX_62": 68,
      "IDX_63": 69,
      "NODE": 70,
      "EDGE": 71
    },
    "unk_token": "[UNK]"
  }
}